{
    "fold_accuracies": [
        0.7591428756713867,
        0.740767240524292
    ],
    "mean_accuracy": 0.7499550580978394,
    "std_accuracy": 0.009187817573547363
}