{
    "simple_cnn": {
        "accuracy": 0.8733333333333333,
        "precision": 0.8846188009616802,
        "recall": 0.8733333333333333,
        "f1_score": 0.8735044789830336,
        "classification_report": {
            "blues": {
                "precision": 1.0,
                "recall": 0.8666666666666667,
                "f1-score": 0.9285714285714286,
                "support": 15.0
            },
            "classical": {
                "precision": 0.8823529411764706,
                "recall": 1.0,
                "f1-score": 0.9375,
                "support": 15.0
            },
            "country": {
                "precision": 1.0,
                "recall": 0.7333333333333333,
                "f1-score": 0.8461538461538461,
                "support": 15.0
            },
            "disco": {
                "precision": 0.8571428571428571,
                "recall": 0.8,
                "f1-score": 0.8275862068965517,
                "support": 15.0
            },
            "hiphop": {
                "precision": 0.9285714285714286,
                "recall": 0.8666666666666667,
                "f1-score": 0.896551724137931,
                "support": 15.0
            },
            "jazz": {
                "precision": 0.8333333333333334,
                "recall": 1.0,
                "f1-score": 0.9090909090909091,
                "support": 15.0
            },
            "metal": {
                "precision": 0.9375,
                "recall": 1.0,
                "f1-score": 0.967741935483871,
                "support": 15.0
            },
            "pop": {
                "precision": 0.8,
                "recall": 0.8,
                "f1-score": 0.8,
                "support": 15.0
            },
            "reggae": {
                "precision": 0.9230769230769231,
                "recall": 0.8,
                "f1-score": 0.8571428571428571,
                "support": 15.0
            },
            "rock": {
                "precision": 0.6842105263157895,
                "recall": 0.8666666666666667,
                "f1-score": 0.7647058823529411,
                "support": 15.0
            },
            "accuracy": 0.8733333333333333,
            "macro avg": {
                "precision": 0.8846188009616801,
                "recall": 0.8733333333333333,
                "f1-score": 0.8735044789830336,
                "support": 150.0
            },
            "weighted avg": {
                "precision": 0.8846188009616802,
                "recall": 0.8733333333333333,
                "f1-score": 0.8735044789830336,
                "support": 150.0
            }
        },
        "confusion_matrix": [
            [
                13,
                0,
                0,
                1,
                0,
                1,
                0,
                0,
                0,
                0
            ],
            [
                0,
                15,
                0,
                0,
                0,
                0,
                0,
                0,
                0,
                0
            ],
            [
                0,
                0,
                11,
                0,
                0,
                1,
                0,
                0,
                0,
                3
            ],
            [
                0,
                1,
                0,
                12,
                1,
                0,
                0,
                1,
                0,
                0
            ],
            [
                0,
                0,
                0,
                1,
                13,
                0,
                1,
                0,
                0,
                0
            ],
            [
                0,
                0,
                0,
                0,
                0,
                15,
                0,
                0,
                0,
                0
            ],
            [
                0,
                0,
                0,
                0,
                0,
                0,
                15,
                0,
                0,
                0
            ],
            [
                0,
                0,
                0,
                0,
                0,
                0,
                0,
                12,
                1,
                2
            ],
            [
                0,
                1,
                0,
                0,
                0,
                1,
                0,
                0,
                12,
                1
            ],
            [
                0,
                0,
                0,
                0,
                0,
                0,
                0,
                2,
                0,
                13
            ]
        ],
        "best_validation_accuracy": 0.8419047594070435
    },
    "cnn_bilstm": {
        "accuracy": 0.8533333333333334,
        "precision": 0.8624896800825593,
        "recall": 0.8533333333333334,
        "f1_score": 0.8480534280877693,
        "classification_report": {
            "blues": {
                "precision": 0.8823529411764706,
                "recall": 1.0,
                "f1-score": 0.9375,
                "support": 15.0
            },
            "classical": {
                "precision": 0.9375,
                "recall": 1.0,
                "f1-score": 0.967741935483871,
                "support": 15.0
            },
            "country": {
                "precision": 0.8,
                "recall": 0.8,
                "f1-score": 0.8,
                "support": 15.0
            },
            "disco": {
                "precision": 1.0,
                "recall": 0.5333333333333333,
                "f1-score": 0.6956521739130435,
                "support": 15.0
            },
            "hiphop": {
                "precision": 0.6842105263157895,
                "recall": 0.8666666666666667,
                "f1-score": 0.7647058823529411,
                "support": 15.0
            },
            "jazz": {
                "precision": 0.9375,
                "recall": 1.0,
                "f1-score": 0.967741935483871,
                "support": 15.0
            },
            "metal": {
                "precision": 0.9375,
                "recall": 1.0,
                "f1-score": 0.967741935483871,
                "support": 15.0
            },
            "pop": {
                "precision": 0.8,
                "recall": 0.8,
                "f1-score": 0.8,
                "support": 15.0
            },
            "reggae": {
                "precision": 0.8125,
                "recall": 0.8666666666666667,
                "f1-score": 0.8387096774193549,
                "support": 15.0
            },
            "rock": {
                "precision": 0.8333333333333334,
                "recall": 0.6666666666666666,
                "f1-score": 0.7407407407407407,
                "support": 15.0
            },
            "accuracy": 0.8533333333333334,
            "macro avg": {
                "precision": 0.8624896800825594,
                "recall": 0.8533333333333333,
                "f1-score": 0.8480534280877693,
                "support": 150.0
            },
            "weighted avg": {
                "precision": 0.8624896800825593,
                "recall": 0.8533333333333334,
                "f1-score": 0.8480534280877693,
                "support": 150.0
            }
        },